{
    "__comment": "Model generated using MrCrayfish's Model Creator (http://mrcrayfish.com/modelcreator/)",
    "textures": {
        "0": "blocks/anvil_base",
        "1": "blocks/coal_block",
        "2": "blocks/planks_oak"
    },
    "elements": [
        {
            "name": "Body",
            "from": [ 0.0, 7.0, 7.0 ], 
            "to": [ 8.0, 8.599999994039536, 8.599999994039536 ], 
            "faces": {
                "north": { "texture": "#0", "uv": [ 0.0, 0.0, 8.0, 1.5999999940395355 ] },
                "east": { "texture": "#0", "uv": [ 0.0, 0.0, 1.5999999940395355, 1.5999999940395355 ] },
                "south": { "texture": "#0", "uv": [ 0.0, 0.0, 8.0, 1.5999999940395355 ] },
                "west": { "texture": "#0", "uv": [ 0.0, 0.0, 1.5999999940395355, 1.5999999940395355 ] },
                "up": { "texture": "#0", "uv": [ 0.0, 0.0, 8.0, 1.5999999940395355 ] },
                "down": { "texture": "#0", "uv": [ 0.0, 0.0, 8.0, 1.5999999940395355 ] }
            }
        },
        {
            "name": "End",
            "from": [ -0.4999999925494194, 7.300000004470348, 7.300000004470348 ], 
            "to": [ 0.0, 8.300000004470348, 8.300000004470348 ], 
            "faces": {
                "north": { "texture": "#0", "uv": [ 0.0, 0.0, 0.4999999925494194, 1.0 ] },
                "east": { "texture": "#0", "uv": [ 0.0, 0.0, 1.0, 1.0 ] },
                "south": { "texture": "#0", "uv": [ 0.0, 0.0, 0.4999999925494194, 1.0 ] },
                "west": { "texture": "#1", "uv": [ 0.0, 0.0, 1.0, 1.0 ] },
                "up": { "texture": "#0", "uv": [ 0.0, 0.0, 0.4999999925494194, 1.0 ] },
                "down": { "texture": "#0", "uv": [ 0.0, 0.0, 0.4999999925494194, 1.0 ] }
            }
        },
        {
            "name": "Cover",
            "from": [ 2.4999999925494194, 7.4000000059604645, 6.5999999940395355 ], 
            "to": [ 7.499999992549419, 8.900000013411045, 8.100000001490116 ], 
            "faces": {
                "north": { "texture": "#0", "uv": [ 0.0, 0.0, 5.0, 1.5000000074505806 ] },
                "east": { "texture": "#1", "uv": [ 0.0, 0.0, 1.5000000074505806, 1.5000000074505806 ] },
                "south": { "texture": "#1", "uv": [ 0.0, 0.0, 5.0, 1.5000000074505806 ] },
                "west": { "texture": "#1", "uv": [ 0.0, 0.0, 1.5000000074505806, 1.5000000074505806 ] },
                "up": { "texture": "#0", "uv": [ 0.0, 0.0, 5.0, 1.5000000074505806 ] },
                "down": { "texture": "#1", "uv": [ 0.0, 0.0, 5.0, 1.5000000074505806 ] }
            }
        },
        {
            "name": "Wood",
            "from": [ 8.0, 6.799999997019768, 6.799999997019768 ], 
            "to": [ 14.0, 8.799999997019768, 8.799999997019768 ], 
            "faces": {
                "north": { "texture": "#2", "uv": [ 0.0, 0.0, 6.0, 2.0 ] },
                "east": { "texture": "#2", "uv": [ 0.0, 0.0, 2.0, 2.0 ] },
                "south": { "texture": "#2", "uv": [ 0.0, 0.0, 6.0, 2.0 ] },
                "west": { "texture": "#2", "uv": [ 0.0, 0.0, 2.0, 2.0 ] },
                "up": { "texture": "#2", "uv": [ 0.0, 0.0, 6.0, 2.0 ] },
                "down": { "texture": "#2", "uv": [ 0.0, 0.0, 6.0, 2.0 ] }
            }
        },
        {
            "name": "VisorBase",
            "from": [ 0.800000011920929, 8.600000008940697, 7.200000002980232 ], 
            "to": [ 1.800000011920929, 9.100000001490116, 8.400000005960464 ], 
            "faces": {
                "north": { "texture": "#0", "uv": [ 0.0, 0.0, 1.0, 0.4999999925494194 ] },
                "east": { "texture": "#0", "uv": [ 0.0, 0.0, 1.2000000029802322, 0.4999999925494194 ] },
                "south": { "texture": "#0", "uv": [ 0.0, 0.0, 1.0, 0.4999999925494194 ] },
                "west": { "texture": "#0", "uv": [ 0.0, 0.0, 1.2000000029802322, 0.4999999925494194 ] },
                "up": { "texture": "#0", "uv": [ 0.0, 0.0, 1.0, 1.2000000029802322 ] },
                "down": { "texture": "#-1", "uv": [ 0.0, 0.0, 1.0, 1.2000000029802322 ] }
            }
        },
        {
            "name": "Back1",
            "from": [ 14.0, 6.899999998509884, 6.899999998509884 ], 
            "to": [ 14.599999994039536, 8.699999995529652, 8.699999995529652 ], 
            "faces": {
                "north": { "texture": "#0", "uv": [ 0.0, 0.0, 0.5999999940395355, 1.7999999970197678 ] },
                "east": { "texture": "#0", "uv": [ 0.0, 0.0, 1.7999999970197678, 1.7999999970197678 ] },
                "south": { "texture": "#0", "uv": [ 0.0, 0.0, 0.5999999940395355, 1.7999999970197678 ] },
                "west": { "texture": "#0", "uv": [ 0.0, 0.0, 1.7999999970197678, 1.7999999970197678 ] },
                "up": { "texture": "#0", "uv": [ 0.0, 0.0, 0.5999999940395355, 1.7999999970197678 ] },
                "down": { "texture": "#0", "uv": [ 0.0, 0.0, 0.5999999940395355, 1.7999999970197678 ] }
            }
        },
        {
            "name": "Back2",
            "from": [ 14.599999994039536, 6.5999999940395355, 6.5999999940395355 ], 
            "to": [ 16.100000001490116, 8.899999998509884, 8.899999998509884 ], 
            "faces": {
                "north": { "texture": "#0", "uv": [ 0.0, 0.0, 1.5000000074505806, 2.3000000044703484 ] },
                "east": { "texture": "#0", "uv": [ 0.0, 0.0, 2.3000000044703484, 2.3000000044703484 ] },
                "south": { "texture": "#0", "uv": [ 0.0, 0.0, 1.5000000074505806, 2.3000000044703484 ] },
                "west": { "texture": "#0", "uv": [ 0.0, 0.0, 2.3000000044703484, 2.3000000044703484 ] },
                "up": { "texture": "#0", "uv": [ 0.0, 0.0, 1.5000000074505806, 2.3000000044703484 ] },
                "down": { "texture": "#0", "uv": [ 0.0, 0.0, 1.5000000074505806, 2.3000000044703484 ] }
            }
        },
        {
            "name": "Back3",
            "from": [ 16.0, 5.899999998509884, 5.899999998509884 ], 
            "to": [ 17.0, 9.600000008940697, 9.600000008940697 ], 
            "faces": {
                "north": { "texture": "#0", "uv": [ 0.0, 0.0, 1.0, 3.700000010430813 ] },
                "east": { "texture": "#1", "uv": [ 0.0, 0.0, 3.700000010430813, 3.700000010430813 ] },
                "south": { "texture": "#0", "uv": [ 0.0, 0.0, 1.0, 3.700000010430813 ] },
                "west": { "texture": "#0", "uv": [ 0.0, 0.0, 3.700000010430813, 3.700000010430813 ] },
                "up": { "texture": "#0", "uv": [ 0.0, 0.0, 1.0, 3.700000010430813 ] },
                "down": { "texture": "#0", "uv": [ 0.0, 0.0, 1.0, 3.700000010430813 ] }
            }
        },
        {
            "name": "HandleBack",
            "from": [ 5.300000004470348, 4.0, 7.500000007450581 ], 
            "to": [ 6.300000004470348, 6.0, 8.100000001490116 ], 
            "faces": {
                "north": { "texture": "#2", "uv": [ 0.0, 0.0, 1.0, 2.0 ] },
                "east": { "texture": "#2", "uv": [ 0.0, 0.0, 0.5999999940395355, 2.0 ] },
                "south": { "texture": "#2", "uv": [ 0.0, 0.0, 1.0, 2.0 ] },
                "west": { "texture": "#2", "uv": [ 0.0, 0.0, 0.5999999940395355, 2.0 ] },
                "up": { "texture": "#2", "uv": [ 0.0, 0.0, 1.0, 0.5999999940395355 ] },
                "down": { "texture": "#2", "uv": [ 0.0, 0.0, 1.0, 0.5999999940395355 ] }
            }
        },
        {
            "name": "HandleBack1",
            "from": [ 5.0, 6.0, 7.300000004470348 ], 
            "to": [ 6.4000000059604645, 7.0, 8.300000004470348 ], 
            "faces": {
                "north": { "texture": "#0", "uv": [ 0.0, 0.0, 1.4000000059604645, 1.0 ] },
                "east": { "texture": "#0", "uv": [ 0.0, 0.0, 1.0, 1.0 ] },
                "south": { "texture": "#0", "uv": [ 0.0, 0.0, 1.4000000059604645, 1.0 ] },
                "west": { "texture": "#0", "uv": [ 0.0, 0.0, 1.0, 1.0 ] },
                "up": { "texture": "#0", "uv": [ 0.0, 0.0, 1.4000000059604645, 1.0 ] },
                "down": { "texture": "#0", "uv": [ 0.0, 0.0, 1.4000000059604645, 1.0 ] }
            }
        },
        {
            "name": "HandleFront",
            "from": [ 2.3000000044703484, 4.699999995529652, 7.500000007450581 ], 
            "to": [ 3.3000000044703484, 7.0, 8.100000001490116 ], 
            "faces": {
                "north": { "texture": "#2", "uv": [ 0.0, 0.0, 1.0, 2.3000000044703484 ] },
                "east": { "texture": "#2", "uv": [ 0.0, 0.0, 0.5999999940395355, 2.3000000044703484 ] },
                "south": { "texture": "#2", "uv": [ 0.0, 0.0, 1.0, 2.3000000044703484 ] },
                "west": { "texture": "#2", "uv": [ 0.0, 0.0, 0.5999999940395355, 2.3000000044703484 ] },
                "up": { "texture": "#2", "uv": [ 0.0, 0.0, 1.0, 0.5999999940395355 ] },
                "down": { "texture": "#2", "uv": [ 0.0, 0.0, 1.0, 0.5999999940395355 ] }
            }
        },
        {
            "name": "Cube",
            "from": [ 2.000000014901161, 11.599999994039536, 7.4000000059604645 ], 
            "to": [ 2.2000000029802322, 13.099999986588955, 8.200000002980232 ], 
            "rotation": { "origin": [ 8.0, 8.0, 8.0 ], "axis": "z", "angle": 22.5 },
            "faces": {
                "north": { "texture": "#0", "uv": [ 0.0, 0.0, 0.19999998807907104, 1.4999999925494194 ] },
                "east": { "texture": "#0", "uv": [ 0.0, 0.0, 0.7999999970197678, 1.4999999925494194 ] },
                "south": { "texture": "#0", "uv": [ 0.0, 0.0, 0.19999998807907104, 1.4999999925494194 ] },
                "west": { "texture": "#0", "uv": [ 0.0, 0.0, 0.7999999970197678, 1.4999999925494194 ] },
                "up": { "texture": "#0", "uv": [ 0.0, 0.0, 0.19999998807907104, 0.7999999970197678 ] },
                "down": { "texture": "#-1", "uv": [ 0.0, 0.0, 0.19999998807907104, 0.7999999970197678 ] }
            }
        }
    ],
	
	"display": {
        "gui": {
            "rotation": [ 30, 45, 0 ],
            "translation": [ 0, 0, 0],
            "scale":[ 0.625, 0.625, 0.625 ]
        },
        "ground": {
            "rotation": [ 0, 0, 0 ],
            "translation": [ 0, 3, 0],
            "scale":[ 0.25, 0.25, 0.25 ]
        },
        "fixed": {
            "rotation": [ 0, 0, 0 ],
            "translation": [ 0, 0, 0],
            "scale":[ 0.5, 0.5, 0.5 ]
        },
        "thirdperson_righthand": {
            "rotation": [ 90, 270, 90 ],
            "translation": [ 0, 2.5, 3],
            "scale": [ 1.75, 1.75, 1.75 ]
        },
        "firstperson_righthand": {
            "rotation": [ 90, 270, 90 ],
            "translation": [ 0, 0, 0 ],
            "scale": [ 2.25, 2.25, 2.25 ]
        },
        "firstperson_lefthand": {
            "rotation": [ 90, 90, 90 ],
            "translation": [ 0, 0, 0 ],
            "scale": [ 2.25, 2.25, 2.25 ]
        }
    }
}