{
    "__comment": "Model generated using MrCrayfish's Model Creator (http://mrcrayfish.com/modelcreator/)",
    "textures": {
        "0": "blocks/anvil_base",
        "1": "blocks/coal_block",
        "2": "blocks/bone_block_top",
        "3": "blocks/bedrock",
        "4": "blocks/redstone_block"
    },
    "elements": [
        {
            "name": "End",
            "from": [ -7.0, 7.0, 7.0 ], 
            "to": [ -4.0, 9.0, 9.0 ], 
            "faces": {
                "north": { "texture": "#0", "uv": [ 0.0, 0.0, 3.0, 2.0 ] },
                "east": { "texture": "#0", "uv": [ 0.0, 0.0, 2.0, 2.0 ] },
                "south": { "texture": "#0", "uv": [ 0.0, 0.0, 3.0, 2.0 ] },
                "west": { "texture": "#1", "uv": [ 0.0, 0.0, 2.0, 2.0 ] },
                "up": { "texture": "#0", "uv": [ 0.0, 0.0, 3.0, 2.0 ] },
                "down": { "texture": "#0", "uv": [ 0.0, 0.0, 3.0, 2.0 ] }
            }
        },
        {
            "name": "MainTube",
            "from": [ -4.0, 8.0, 7.0 ], 
            "to": [ 13.200000002980232, 9.0, 8.0 ], 
            "faces": {
                "north": { "texture": "#0", "uv": [ 0.0, 0.0, 17.200000002980232, 1.0 ] },
                "east": { "texture": "#-1", "uv": [ 0.0, 0.0, 1.0, 1.0 ] },
                "south": { "texture": "#0", "uv": [ 0.0, 0.0, 17.200000002980232, 1.0 ] },
                "west": { "texture": "#1", "uv": [ 0.0, 0.0, 1.0, 1.0 ] },
                "up": { "texture": "#0", "uv": [ 0.0, 0.0, 17.200000002980232, 1.0 ] },
                "down": { "texture": "#0", "uv": [ 0.0, 0.0, 17.200000002980232, 1.0 ] }
            }
        },
        {
            "name": "SecTube",
            "from": [ 0.0, 7.0, 8.0 ], 
            "to": [ 11.0, 8.0, 9.0 ], 
            "faces": {
                "north": { "texture": "#0", "uv": [ 0.0, 0.0, 11.0, 1.0 ] },
                "east": { "texture": "#0", "uv": [ 0.0, 0.0, 1.0, 1.0 ] },
                "south": { "texture": "#0", "uv": [ 0.0, 0.0, 11.0, 1.0 ] },
                "west": { "texture": "#0", "uv": [ 0.0, 0.0, 1.0, 1.0 ] },
                "up": { "texture": "#0", "uv": [ 0.0, 0.0, 11.0, 1.0 ] },
                "down": { "texture": "#0", "uv": [ 0.0, 0.0, 11.0, 1.0 ] }
            }
        },
        {
            "name": "Tank",
            "from": [ 4.0, 5.0, 5.0 ], 
            "to": [ 9.0, 8.0, 8.0 ], 
            "faces": {
                "north": { "texture": "#2", "uv": [ 0.0, 0.0, 5.0, 3.0 ] },
                "east": { "texture": "#2", "uv": [ 0.0, 0.0, 3.0, 3.0 ] },
                "south": { "texture": "#2", "uv": [ 0.0, 0.0, 5.0, 3.0 ] },
                "west": { "texture": "#2", "uv": [ 0.0, 0.0, 3.0, 3.0 ] },
                "up": { "texture": "#2", "uv": [ 0.0, 0.0, 5.0, 3.0 ] },
                "down": { "texture": "#2", "uv": [ 0.0, 0.0, 5.0, 3.0 ] }
            }
        },
        {
            "name": "EndTank",
            "from": [ 1.0, 6.0, 6.0 ], 
            "to": [ 4.0, 8.0, 8.0 ], 
            "faces": {
                "north": { "texture": "#3", "uv": [ 0.0, 0.0, 3.0, 2.0 ] },
                "east": { "texture": "#3", "uv": [ 0.0, 0.0, 2.0, 2.0 ] },
                "south": { "texture": "#3", "uv": [ 0.0, 0.0, 3.0, 2.0 ] },
                "west": { "texture": "#3", "uv": [ 0.0, 0.0, 2.0, 2.0 ] },
                "up": { "texture": "#3", "uv": [ 0.0, 0.0, 3.0, 2.0 ] },
                "down": { "texture": "#3", "uv": [ 0.0, 0.0, 3.0, 2.0 ] }
            }
        },
        {
            "name": "BackTank",
            "from": [ 9.0, 6.0, 6.0 ], 
            "to": [ 10.0, 8.0, 8.0 ], 
            "faces": {
                "north": { "texture": "#2", "uv": [ 0.0, 0.0, 1.0, 2.0 ] },
                "east": { "texture": "#2", "uv": [ 0.0, 0.0, 2.0, 2.0 ] },
                "south": { "texture": "#2", "uv": [ 0.0, 0.0, 1.0, 2.0 ] },
                "west": { "texture": "#2", "uv": [ 0.0, 0.0, 2.0, 2.0 ] },
                "up": { "texture": "#2", "uv": [ 0.0, 0.0, 1.0, 2.0 ] },
                "down": { "texture": "#2", "uv": [ 0.0, 0.0, 1.0, 2.0 ] }
            }
        },
        {
            "name": "Handle",
            "from": [ 12.0, 8.0, 6.899999998509884 ], 
            "to": [ 15.0, 11.0, 8.100000001490116 ], 
            "rotation": { "origin": [ 8.0, 8.0, 8.0 ], "axis": "z", "angle": -22.5 },
            "faces": {
                "north": { "texture": "#4", "uv": [ 0.0, 0.0, 3.0, 3.0 ] },
                "east": { "texture": "#4", "uv": [ 0.0, 0.0, 1.2000000029802322, 3.0 ] },
                "south": { "texture": "#4", "uv": [ 0.0, 0.0, 3.0, 3.0 ] },
                "west": { "texture": "#4", "uv": [ 0.0, 0.0, 1.2000000029802322, 3.0 ] },
                "up": { "texture": "#4", "uv": [ 0.0, 0.0, 3.0, 1.2000000029802322 ] },
                "down": { "texture": "#4", "uv": [ 0.0, 0.0, 3.0, 1.0 ] }
            }
        },
        {
            "name": "HandlePart",
            "from": [ 15.0, 10.0, 7.0 ], 
            "to": [ 19.0, 11.0, 8.0 ], 
            "rotation": { "origin": [ 8.0, 9.0, 8.0 ], "axis": "z", "angle": -22.5 },
            "faces": {
                "north": { "texture": "#4", "uv": [ 0.0, 0.0, 4.0, 1.0 ] },
                "east": { "texture": "#4", "uv": [ 0.0, 0.0, 1.0, 1.0 ] },
                "south": { "texture": "#4", "uv": [ 0.0, 0.0, 4.0, 1.0 ] },
                "west": { "texture": "#4", "uv": [ 0.0, 0.0, 1.0, 1.0 ] },
                "up": { "texture": "#4", "uv": [ 0.0, 0.0, 4.0, 1.0 ] },
                "down": { "texture": "#4", "uv": [ 0.0, 0.0, 4.0, 1.0 ] }
            }
        },
        {
            "name": "CableDetail",
            "from": [ 7.0, 2.0, 7.300000004470348 ], 
            "to": [ 17.0, 2.4999999925494194, 7.799999997019768 ], 
            "rotation": { "origin": [ 8.0, 8.0, 8.0 ], "axis": "z", "angle": 22.5 },
            "faces": {
                "north": { "texture": "#1", "uv": [ 0.0, 0.0, 10.0, 0.4999999925494194 ] },
                "east": { "texture": "#1", "uv": [ 0.0, 0.0, 0.4999999925494194, 0.4999999925494194 ] },
                "south": { "texture": "#1", "uv": [ 0.0, 0.0, 10.0, 0.4999999925494194 ] },
                "west": { "texture": "#1", "uv": [ 0.0, 0.0, 0.4999999925494194, 0.4999999925494194 ] },
                "up": { "texture": "#1", "uv": [ 0.0, 0.0, 10.0, 0.4999999925494194 ] },
                "down": { "texture": "#1", "uv": [ 0.0, 0.0, 10.0, 0.4999999925494194 ] }
            }
        },
        {
            "name": "CableDetail2",
            "from": [ 9.0, 2.100000001490116, 7.300000004470348 ], 
            "to": [ 9.49999999254942, 7.100000001490116, 7.799999997019768 ], 
            "faces": {
                "north": { "texture": "#1", "uv": [ 0.0, 0.0, 0.4999999925494194, 5.0 ] },
                "east": { "texture": "#1", "uv": [ 0.0, 0.0, 0.4999999925494194, 5.0 ] },
                "south": { "texture": "#1", "uv": [ 0.0, 0.0, 0.4999999925494194, 5.0 ] },
                "west": { "texture": "#1", "uv": [ 0.0, 0.0, 0.4999999925494194, 5.0 ] },
                "up": { "texture": "#1", "uv": [ 0.0, 0.0, 0.4999999925494194, 0.4999999925494194 ] },
                "down": { "texture": "#1", "uv": [ 0.0, 0.0, 0.4999999925494194, 0.4999999925494194 ] }
            }
        }
    ],
	
	"display": {
        "gui": {
            "rotation": [ 30, 45, 0 ],
            "translation": [ 0, 0, 0],
            "scale":[ 0.625, 0.625, 0.625 ]
        },
        "ground": {
            "rotation": [ 0, 0, 0 ],
            "translation": [ 0, 3, 0],
            "scale":[ 0.25, 0.25, 0.25 ]
        },
        "fixed": {
            "rotation": [ 0, 0, 0 ],
            "translation": [ 0, 0, 0],
            "scale":[ 0.5, 0.5, 0.5 ]
        },
        "thirdperson_righthand": {
            "rotation": [ 75, 270, 0 ],
            "translation": [ 0, 2.5, 0],
            "scale": [ 1.75, 1.75, 1.75 ]
        },
        "firstperson_righthand": {
            "rotation": [ 0, 270, 0 ],
            "translation": [ 0, 0, 0 ],
            "scale": [ 2.25, 2.25, 2.25 ]
        },
        "firstperson_lefthand": {
            "rotation": [ 0, 90, 0 ],
            "translation": [ 0, 0, 0 ],
            "scale": [ 2.25, 2.25, 2.25 ]
        }
    }
}